Energy type,Year,Country ,Political Party,Politician(s),Tone of the Article,Slant,Link
Nuclear energy,1994,Germany,V ,Undine-Uta Bloch von Blottnitz,neutral,0,http://www.europarl.europa.eu/sides/getDoc.do?pubRef=-//EP//TEXT+WQ+E-1994-2877+0+DOC+XML+V0//EN&language=EN
,1995,Austria and Netherlands,ELDR,"Martina Gredler, Elly Plooij-van Gorsel",negative ,-1,http://www.europarl.europa.eu/sides/getDoc.do?pubRef=-//EP//TEXT+WQ+E-1995-3468+0+DOC+XML+V0//EN&language=EN
,1995,Germany,V ,Hiltrud Breyer,about nuclear missiles; negative ???,-1,http://www.europarl.europa.eu/sides/getDoc.do?pubRef=-//EP//TEXT+WQ+P-1995-2451+0+DOC+XML+V0//EN&language=EN
,1995,United Kingdom,PSE,Alex Smith,leakes in Atlantic; negative ???,-1,http://www.europarl.europa.eu/sides/getDoc.do?pubRef=-//EP//TEXT+WQ+E-1995-2425+0+DOC+XML+V0//EN&language=EN
,1996,Germany,V ,Hiltrud Breyer,maybe slightly negative,-1,http://www.europarl.europa.eu/sides/getDoc.do?pubRef=-//EP//TEXT+WQ+E-1996-2851+0+DOC+XML+V0//EN&language=EN
,1996,Germany,V ,Hiltrud Breyer,slightly negative,-1,http://www.europarl.europa.eu/sides/getDoc.do?pubRef=-//EP//TEXT+WQ+E-1996-2849+0+DOC+XML+V0//EN&language=EN
,1996,Germany,V ,Undine-Uta Bloch von Blottnitz,negative,-1,http://www.europarl.europa.eu/sides/getDoc.do?pubRef=-//EP//TEXT+WQ+E-1996-2185+0+DOC+XML+V0//EN&language=EN
,1996,Austria,ELDR,Martina Gredler,negative,-1,http://www.europarl.europa.eu/sides/getDoc.do?pubRef=-//EP//TEXT+WQ+E-1996-2047+0+DOC+XML+V0//EN&language=EN
,1997,Spanish,GUE/NGL,"Pedro Marset Campos, Laura González Álvarez",negative,-1,http://www.europarl.europa.eu/sides/getDoc.do?pubRef=-//EP//TEXT+WQ+E-1997-1132+0+DOC+XML+V0//EN&language=EN
,1997,Germany,V ,Hiltrud Breyer,negative,-1,http://www.europarl.europa.eu/sides/getDoc.do?pubRef=-//EP//TEXT+WQ+E-1997-1035+0+DOC+XML+V0//EN&language=EN
,1997,Germany,V ,Hiltrud Breyer,negative,-1,http://www.europarl.europa.eu/sides/getDoc.do?pubRef=-//EP//TEXT+WQ+E-1997-1036+0+DOC+XML+V0//EN&language=EN
,1997,Spanish,PSE,Ludivina García Arias,negative,-1,http://www.europarl.europa.eu/sides/getDoc.do?pubRef=-//EP//TEXT+WQ+E-1997-0175+0+DOC+XML+V0//EN&language=EN
,1998,Spanish,PPE,Carlos Robles Piquer,neutral,0,http://www.europarl.europa.eu/sides/getDoc.do?pubRef=-//EP//TEXT+WQ+E-1998-3934+0+DOC+XML+V0//EN&language=EN
,1998,Italy,NI,Cristiana Muscardini,neutral,0,http://www.europarl.europa.eu/sides/getDoc.do?pubRef=-//EP//TEXT+WQ+E-1998-3554+0+DOC+XML+V0//EN&language=EN
,1998,Austria,ELDR,Friedhelm Frischenschlager,negative,-1,http://www.europarl.europa.eu/sides/getDoc.do?pubRef=-//EP//TEXT+WQ+E-1998-2650+0+DOC+XML+V0//EN&language=EN
,1998,Luxembourg,PSE,Ben Fayot,negative,-1,http://www.europarl.europa.eu/sides/getDoc.do?pubRef=-//EP//TEXT+WQ+E-1998-1668+0+DOC+XML+V0//EN&language=EN
,1998,Greece,PPE,Antonios Trakatellis,negative; reduction bulgarias dependency on nuclear,-1,http://www.europarl.europa.eu/sides/getDoc.do?pubRef=-//EP//TEXT+WQ+E-1998-0940+0+DOC+XML+V0//EN&language=EN
,1998,Germany,V ,Hiltrud Breyer,negative,-1,http://www.europarl.europa.eu/sides/getDoc.do?pubRef=-//EP//TEXT+WQ+P-1998-1004+0+DOC+XML+V0//EN&language=EN
,1998,Germany,V,Wilfried Telkämper,against subsidies,-1,http://www.europarl.europa.eu/sides/getDoc.do?pubRef=-//EP//TEXT+WQ+E-1997-4133+0+DOC+XML+V0//EN&language=EN
,1999,Germany,PPE,Karl-Heinz Florenz,pro nuclear against coal,1,http://www.europarl.europa.eu/sides/getDoc.do?pubRef=-//EP//TEXT+WQ+E-1999-0644+0+DOC+XML+V0//EN&language=EN
,1999,,GUE/NGL,"Angela Sierra González, Pedro Marset Campos, Laura González Álvarez ",against new plant in marroco ,-1,http://www.europarl.europa.eu/sides/getDoc.do?pubRef=-//EP//TEXT+WQ+E-1999-0188+0+DOC+XML+V0//EN&language=EN
,1999,Spanish,PPE,Carlos Robles Piquer,I think in favor,1,http://www.europarl.europa.eu/sides/getDoc.do?pubRef=-//EP//TEXT+WQ+E-1999-0064+0+DOC+XML+V0//EN&language=EN
,1999,German,Verts/ALE,Hiltrud Breyer,,-1,http://www.europarl.europa.eu/sides/getDoc.do?pubRef=-//EP//TEXT+WQ+P-1999-2422+0+DOC+XML+V0//EN&language=EN
,2000,Duch,PPE-DE,W. G. van Velzen,positive,1,http://www.europarl.europa.eu/sides/getDoc.do?pubRef=-//EP//TEXT+WQ+P-2000-3528+0+DOC+XML+V0//EN&language=EN
,2000,German,Verts/ALE,Hiltrud Breyer,"neutral, but possible negative",0,http://www.europarl.europa.eu/sides/getDoc.do?pubRef=-//EP//TEXT+WQ+E-2000-1286+0+DOC+XML+V0//EN&language=EN
,2000,German,Verts/ALE,Hiltrud Breyer,against nuclear,-1,http://www.europarl.europa.eu/sides/getDoc.do?pubRef=-//EP//TEXT+WQ+E-2000-1285+0+DOC+XML+V0//EN&language=EN
,2000,German,Verts/ALE,Hiltrud Breyer,"neutral, but previous were negative",0,http://www.europarl.europa.eu/sides/getDoc.do?pubRef=-//EP//TEXT+WQ+E-2000-1171+0+DOC+XML+V0//EN&language=EN
,2000,German,PSE,Gerhard Schmid,,0,http://www.europarl.europa.eu/sides/getDoc.do?pubRef=-//EP//TEXT+WQ+E-2000-0983+0+DOC+XML+V0//EN&language=EN
,2000,German,Verts/ALE,Hiltrud Breyer,"neutral, later repeated ",0,http://www.europarl.europa.eu/sides/getDoc.do?pubRef=-//EP//TEXT+WQ+E-1999-2635+0+DOC+XML+V0//EN&language=EN
,2000,German,Verts/ALE,Ilka Schröder,sounds slightly negative,-1,http://www.europarl.europa.eu/sides/getDoc.do?pubRef=-//EP//TEXT+WQ+P-1999-2695+0+DOC+XML+V0//EN&language=EN
,2001,Portugal,PPE-DE,Jorge Moreira Da Silva,neutral,0,http://www.europarl.europa.eu/sides/getDoc.do?pubRef=-//EP//TEXT+WQ+E-2001-2742+0+DOC+XML+V0//EN&language=EN
,2001,Duch,ELDR,Lousewies van der Laan,negative? Concern about env.,-1,http://www.europarl.europa.eu/sides/getDoc.do?pubRef=-//EP//TEXT+WQ+E-2001-1831+0+DOC+XML+V0//EN&language=EN
,2001,Sweeden,PPE-DE,Per-Arne Arvidsson,positive to meet Keyoto prot.,1,http://www.europarl.europa.eu/sides/getDoc.do?pubRef=-//EP//TEXT+WQ+E-2001-1675+0+DOC+XML+V0//EN&language=EN
,2001,Finland,PPE-DE,Marjo Matikainen-Kallström,neutral,0,http://www.europarl.europa.eu/sides/getDoc.do?pubRef=-//EP//TEXT+WQ+E-2001-1461+0+DOC+XML+V0//EN&language=EN
,2001,Netherlands,GUE/NGL,Erik Meijer,hard to say neg.or neutral,0,http://www.europarl.europa.eu/sides/getDoc.do?pubRef=-//EP//TEXT+WQ+E-2001-0959+0+DOC+XML+V0//EN&language=EN
,2002,France,Verts/ALE,Marie Isler Béguin,negative,-1,http://www.europarl.europa.eu/sides/getDoc.do?pubRef=-//EP//TEXT+WQ+E-2002-3663+0+DOC+XML+V0//EN&language=EN
,2002,Germany,PSE,Bernd Lange,negative,-1,http://www.europarl.europa.eu/sides/getDoc.do?pubRef=-//EP//TEXT+WQ+E-2002-3308+0+DOC+XML+V0//EN&language=EN
,2002,Belgium,Verts/ALE,Bart Staes,negative,-1,http://www.europarl.europa.eu/sides/getDoc.do?pubRef=-//EP//TEXT+WQ+E-2002-3316+0+DOC+XML+V0//EN&language=EN
,2002,Finland/Denmark,PPE-DE,"Marjo Matikainen-Kallström, Christian Rovsing",safety; neutral?,0,http://www.europarl.europa.eu/sides/getDoc.do?pubRef=-//EP//TEXT+WQ+E-2002-3164+0+DOC+XML+V0//EN&language=EN
,2002,Belgian,Verts/ALE,Alexander de Roo,reactors safety; negaive?,-1,http://www.europarl.europa.eu/sides/getDoc.do?pubRef=-//EP//TEXT+WQ+E-2002-2891+0+DOC+XML+V0//EN&language=EN
,2002,Ireland,Verts/ALE,Nuala Ahern,reactors safety in Russia; negaive?,-1,http://www.europarl.europa.eu/sides/getDoc.do?pubRef=-//EP//TEXT+WQ+E-2002-2223+0+DOC+XML+V0//EN&language=EN
,2002,Finland,Verts/ALE,Heidi Hautala,Russia; neutral,0,http://www.europarl.europa.eu/sides/getDoc.do?pubRef=-//EP//TEXT+WQ+P-2002-1986+0+DOC+XML+V0//EN&language=EN
,2002,Belgium,Verts/ALE,Bart Staes,negaive,-1,http://www.europarl.europa.eu/sides/getDoc.do?pubRef=-//EP//TEXT+WQ+E-2002-1858+0+DOC+XML+V0//EN&language=EN
,2002,Ireland,Verts/ALE,Nuala Ahern,neutral,0,http://www.europarl.europa.eu/sides/getDoc.do?pubRef=-//EP//TEXT+WQ+E-2002-1707+0+DOC+XML+V0//EN&language=EN
,2002,Spanish,Verts/ALE,Camilo Nogueira Román,negative; against newplant in new eu,-1,http://www.europarl.europa.eu/sides/getDoc.do?pubRef=-//EP//TEXT+WQ+E-2002-1432+0+DOC+XML+V0//EN&language=EN
,2002,Spanish,PSE,Carlos Carnero González,neutral,0,http://www.europarl.europa.eu/sides/getDoc.do?pubRef=-//EP//TEXT+WQ+P-2002-1354+0+DOC+XML+V0//EN&language=EN
,2002,Netherlands,GUE/NGL,Erik Meijer,"not sure, change to cancer patient treat",1,http://www.europarl.europa.eu/sides/getDoc.do?pubRef=-//EP//TEXT+WQ+E-2002-0457+0+DOC+XML+V0//EN&language=EN
,2002,Netherlands,GUE/NGL,Erik Meijer,negative,-1,http://www.europarl.europa.eu/sides/getDoc.do?pubRef=-//EP//TEXT+WQ+E-2002-0456+0+DOC+XML+V0//EN&language=EN
,2002,Ireland,Verts/ALE,Nuala Ahern,negative or neutral,-1,http://www.europarl.europa.eu/sides/getDoc.do?pubRef=-//EP//TEXT+WQ+E-2002-0333+0+DOC+XML+V0//EN&language=EN
,2003,Portuguese,UEN,José Ribeiro e Castro,Concern with Iran,0,http://www.europarl.europa.eu/sides/getDoc.do?pubRef=-//EP//TEXT+WQ+E-2003-3498+0+DOC+XML+V0//EN&language=EN
,2003,Greece?,PPE-DE,Antonios Trakatellis,"negative; safety, 10 nes states, ignalina",-1,http://www.europarl.europa.eu/sides/getDoc.do?pubRef=-//EP//TEXT+WQ+P-2003-3375+0+DOC+XML+V0//EN&language=EN
,2004,Finland,Verts/ALE,Matti Wuori,negative; concern about safety ,-1,http://www.europarl.europa.eu/sides/getDoc.do?pubRef=-//EP//TEXT+WQ+P-2004-0263+0+DOC+XML+V0//EN&language=EN
,2004,United Kingdom,ALDE,Christopher Huhne,neutral; asking about cost & potential for subsidies,0,https://www.europarl.europa.eu/sides/getDoc.do?pubRef=-//EP//TEXT+WQ+E-2004-2715+0+DOC+XML+V0//EN&language=EN
,2005,Netherlands,ALDE,Toine Manders,interest in research into safe applications of nuclear energy; slightly positive?,1,https://www.europarl.europa.eu/sides/getDoc.do?pubRef=-//EP//TEXT+WQ+E-2004-3554+0+DOC+XML+V0//EN&language=EN
,2005,Spain,PPE-DE,Salvador Garriga Polledo,"positive; supports ""open, transparent and taboo-free debate on the use of nuclear energy""",1,https://www.europarl.europa.eu/sides/getDoc.do?pubRef=-//EP//TEXT+WQ+E-2005-0146+0+DOC+XML+V0//EN&language=EN
,2005,Netherlands,GUE/NGL,Erik Meijer,regarding EU involvement in the possible replacement in 2016 of the outdated high flux nuclear reactor in Pette Netherlands,0,https://www.europarl.europa.eu/sides/getDoc.do?pubRef=-//EP//TEXT+WQ+E-2005-0308+0+DOC+XML+V0//EN&language=EN
,2005,Belgium,ALDE,Antoine Duquesne,slightly positive; wants to lower dependence on oil but unclear on what will happen with nuclear waste & wants more research,1,https://www.europarl.europa.eu/sides/getDoc.do?pubRef=-//EP//TEXT+WQ+E-2005-0836+0+DOC+XML+V0//EN&language=EN
,2005,Spain,Verts/ALE,David Hammerstein Mintz,neutral,0,https://www.europarl.europa.eu/sides/getDoc.do?pubRef=-//EP//TEXT+WQ+E-2005-3705+0+DOC+XML+V0//EN&language=EN
,2005,Spain,PPE-DE,Salvador Garriga Polledo,positive; wants debate on future of nuclear energy,1,https://www.europarl.europa.eu/sides/getDoc.do?pubRef=-//EP//TEXT+WQ+E-2005-4870+0+DOC+XML+V0//EN&language=EN
,2006,Czech Republic,PPE-DE,Hynek Fajmon,positive; negatively talks about anti-nuclear demonstrators,1,https://www.europarl.europa.eu/sides/getDoc.do?pubRef=-//EP//TEXT+WQ+E-2006-0084+0+DOC+XML+V0//EN&language=EN
,2006,Netherlands,GUE/NGL,"Erik Meijer, Kartika Liotard",negative,-1,https://www.europarl.europa.eu/sides/getDoc.do?pubRef=-//EP//TEXT+WQ+E-2006-0199+0+DOC+XML+V0//EN&language=EN
,2006,Spain,PSE,Teresa Riera Madurell,neutral,0,https://www.europarl.europa.eu/sides/getDoc.do?pubRef=-//EP//TEXT+WQ+E-2006-0985+0+DOC+XML+V0//EN&language=EN
,2006,Italy,GUE/NGL,Marco Rizzo,negative,-1,https://www.europarl.europa.eu/sides/getDoc.do?pubRef=-//EP//TEXT+WQ+E-2006-2025+0+DOC+XML+V0//EN&language=EN
,2006,United Kingdom,PPE-DE,Charles Tannock,slightly positive - in support of Kazak ENP status,1,https://www.europarl.europa.eu/sides/getDoc.do?pubRef=-//EP//TEXT+WQ+E-2006-2097+0+DOC+XML+V0//EN&language=EN
,2006,France,PPE-DE,Christine De Veyrac,positive in light of energy crisis,1,https://www.europarl.europa.eu/sides/getDoc.do?pubRef=-//EP//TEXT+WQ+E-2006-2564+0+DOC+XML+V0//EN&language=EN
,2006,Germany,Verts/ALE,Rebecca Harms,negative,-1,https://www.europarl.europa.eu/sides/getDoc.do?pubRef=-//EP//TEXT+WQ+P-2006-4027+0+DOC+XML+V0//EN&language=EN
,2006,Sweden,Verts/ALE,Carl Schlyter,slightly negative; worried about safety,-1,https://www.europarl.europa.eu/sides/getDoc.do?pubRef=-//EP//TEXT+WQ+P-2006-4113+0+DOC+XML+V0//EN&language=EN
,2006,Spain,GUE/NGL,Willy Meyer Pleite,very negative,-1,https://www.europarl.europa.eu/sides/getDoc.do?pubRef=-//EP//TEXT+WQ+E-2006-4378+0+DOC+XML+V0//EN&language=EN
,2006,France,PPE-DE,Christine De Veyrac,positive,1,https://www.europarl.europa.eu/sides/getDoc.do?pubRef=-//EP//TEXT+WQ+E-2006-4988+0+DOC+XML+V0//EN&language=EN
,2006,Greece,PPE-DE,"Ioannis Varvitsiotis, Antonios Trakatellis",neutral/negative?,0,https://www.europarl.europa.eu/sides/getDoc.do?pubRef=-//EP//TEXT+WQ+E-2006-5333+0+DOC+XML+V0//EN&language=EN
,2007,Sweden,GUE/NGL,Jens Holm,neutral (maybe slightly negative?),0,https://www.europarl.europa.eu/sides/getDoc.do?pubRef=-//EP//TEXT+WQ+E-2007-0137+0+DOC+XML+V0//EN&language=EN
,2007,Italy,NI,Gianni De Michelis,positive,1,https://www.europarl.europa.eu/sides/getDoc.do?pubRef=-//EP//TEXT+WQ+P-2007-0647+0+DOC+XML+V0//EN&language=EN
,2007,France,Verts/ALE,Jean-Luc Bennahmias,"negative, refers to nuclear as a dangerous industry",-1,https://www.europarl.europa.eu/sides/getDoc.do?pubRef=-//EP//TEXT+WQ+E-2007-1259+0+DOC+XML+V0//EN&language=EN
,2007,Finland,PSE,Lasse Lehtinen,positive,1,https://www.europarl.europa.eu/sides/getDoc.do?pubRef=-//EP//TEXT+WQ+P-2007-1655+0+DOC+XML+V0//EN&language=EN
,2007,Germany,PPE-DE,Herbert Reul,a bit positive? neutral?,0,https://www.europarl.europa.eu/sides/getDoc.do?pubRef=-//EP//TEXT+WQ+E-2007-1868+0+DOC+XML+V0//EN&language=EN
,2007,Austria,ITS,Andreas Mölzer,very negative,-1,https://www.europarl.europa.eu/sides/getDoc.do?pubRef=-//EP//TEXT+WQ+E-2007-2214+0+DOC+XML+V0//EN&language=EN
,2007,Germany,Verts/ALE,Rebecca Harms,a bit negative,-1,https://www.europarl.europa.eu/sides/getDoc.do?pubRef=-//EP//TEXT+WQ+P-2007-3762+0+DOC+XML+V0//EN&language=EN
,2007,Netherlands,GUE/NGL,Erik Meijer,negative,-1,https://www.europarl.europa.eu/sides/getDoc.do?pubRef=-//EP//TEXT+WQ+E-2007-4325+0+DOC+XML+V0//EN&language=EN
,2007,Greece,PPE-DE,Georgios Papastamkos,neutral/slightly positive?,0,https://www.europarl.europa.eu/sides/getDoc.do?pubRef=-//EP//TEXT+WQ+E-2007-4489+0+DOC+XML+V0//EN&language=EN
,2008,Greece,GUE/NGL,Dimitrios Papadimoulis,negative,-1,https://www.europarl.europa.eu/sides/getDoc.do?pubRef=-//EP//TEXT+WQ+E-2008-0569+0+DOC+XML+V0//EN&language=EN
,2008,Germany,Verts/ALE,Rebecca Harms,neutral,0,https://www.europarl.europa.eu/sides/getDoc.do?pubRef=-//EP//TEXT+WQ+E-2008-0838+0+DOC+XML+V0//EN&language=EN
,2008,Cyprus,ALDE,Marios Matsakis,positive,1,https://www.europarl.europa.eu/sides/getDoc.do?pubRef=-//EP//TEXT+WQ+E-2008-2925+0+DOC+XML+V0//EN&language=EN
,2008,Italy,GUE/NGL,"Umberto Guidoni, Roberto Musacchio",negative/safety,-1,https://www.europarl.europa.eu/sides/getDoc.do?pubRef=-//EP//TEXT+WQ+E-2008-3443+0+DOC+XML+V0//EN&language=EN
,2008,Germany,Verts/ALE,"Elly de Groen-Kouwenhoven, Rebecca Harms, Claude Turmes",slightly negative,-1,https://www.europarl.europa.eu/sides/getDoc.do?pubRef=-//EP//TEXT+WQ+E-2008-4185+0+DOC+XML+V0//EN&language=EN
,2008,Greece,PPE-DE,Georgios Papastamko,negative?,-1,https://www.europarl.europa.eu/sides/getDoc.do?pubRef=-//EP//TEXT+WQ+E-2008-4378+0+DOC+XML+V0//EN&language=EN
,2008,Germany,Verts/ALE,Rebecca Harms,negative,-1,https://www.europarl.europa.eu/sides/getDoc.do?pubRef=-//EP//TEXT+WQ+E-2008-4449+0+DOC+XML+V0//EN&language=EN
,2008,Spain,GUE/NGL,Willy Meyer Pleite,negative,-1,https://www.europarl.europa.eu/sides/getDoc.do?pubRef=-//EP//TEXT+WQ+E-2008-4851+0+DOC+XML+V0//EN&language=EN
,2008,United Kingdom,NI,Robert Kilroy-Silk,neutral,0,https://www.europarl.europa.eu/sides/getDoc.do?pubRef=-//EP//TEXT+WQ+E-2008-5685+0+DOC+XML+V0//EN&language=EN
,2009,Austria,NI,Andreas Mölzer,negative,-1,https://www.europarl.europa.eu/sides/getDoc.do?pubRef=-//EP//TEXT+WQ+E-2009-4405+0+DOC+XML+V0//EN&language=EN
,2010,Finland,Verts/ALE,Satu Hassi,negative,-1,https://www.europarl.europa.eu/sides/getDoc.do?pubRef=-//EP//TEXT+WQ+E-2010-1571+0+DOC+XML+V0//EN&language=EN
,2010,Austria,NI,Andreas Mölzer,neutral (maybe slightly negative?),0,https://www.europarl.europa.eu/sides/getDoc.do?pubRef=-//EP//TEXT+WQ+E-2010-1855+0+DOC+XML+V0//EN&language=EN
,2010,Greece,PPE,Ioannis A. Tsoukalas,neutral (maybe slightly negative?),0,https://www.europarl.europa.eu/sides/getDoc.do?pubRef=-//EP//TEXT+WQ+E-2010-2173+0+DOC+XML+V0//EN&language=EN
,2010,Romania,S&D,Daciana Octavia Sârbu,negative,-1,https://www.europarl.europa.eu/sides/getDoc.do?pubRef=-//EP//TEXT+WQ+E-2010-3812+0+DOC+XML+V0//EN&language=EN
,2010,Denmark,EFD,Morten Messerschmidt,neutral,0,https://www.europarl.europa.eu/sides/getDoc.do?pubRef=-//EP//TEXT+WQ+E-2010-4657+0+DOC+XML+V0//EN&language=EN
,2010,Italy,PPE,Aldo Patriciello,negative (Iran focus),-1,https://www.europarl.europa.eu/sides/getDoc.do?pubRef=-//EP//TEXT+WQ+E-2010-5179+0+DOC+XML+V0//EN&language=EN
,2010,Austria,NI,Franz Obermayr,neutral,0,https://www.europarl.europa.eu/sides/getDoc.do?pubRef=-//EP//TEXT+WQ+E-2010-5672+0+DOC+XML+V0//EN&language=EN
,2010,France,Verts/ALE,Yannick Jadot,negative,-1,https://www.europarl.europa.eu/sides/getDoc.do?pubRef=-//EP//TEXT+WQ+P-2010-6279+0+DOC+XML+V0//EN&language=EN
,2010,Greece,PPE,Rodi Kratsa-Tsagaropoulou,negative,-1,https://www.europarl.europa.eu/sides/getDoc.do?pubRef=-//EP//TEXT+WQ+E-2010-6584+0+DOC+XML+V0//EN&language=EN
,2010,Italy,EFD,Mara Bizzotto,neutral/positive?,1,https://www.europarl.europa.eu/sides/getDoc.do?pubRef=-//EP//TEXT+WQ+E-2010-6923+0+DOC+XML+V0//EN&language=EN
,2010,Lithuania,S&D,Justas Vincas Paleckis,negative (safety & waste disposal),-1,https://www.europarl.europa.eu/sides/getDoc.do?pubRef=-//EP//TEXT+QT+H-2010-0441+0+DOC+XML+V0//EN&language=EN
,2010,Greece,PPE,Ioannis A. Tsoukalas,neutral,0,https://www.europarl.europa.eu/sides/getDoc.do?pubRef=-//EP//TEXT+WQ+E-2010-9688+0+DOC+XML+V0//EN&language=EN
,2010,(multiple),"PPE, S&D","Romana Jordan Cizelj, Alejo Vidal-Quadras, Edit Herczog",neutral,0,https://www.europarl.europa.eu/sides/getDoc.do?pubRef=-//EP//TEXT+WQ+E-2010-9893+0+DOC+XML+V0//EN&language=EN
,2010,Bulgaria,ALDE,Vladko Todorov Panayotov,negative (safety),-1,https://www.europarl.europa.eu/sides/getDoc.do?pubRef=-//EP//TEXT+WQ+E-2010-9997+0+DOC+XML+V0//EN&language=EN
,2010,Portugal,PPE,Diogo Feio,positive?,1,https://www.europarl.europa.eu/sides/getDoc.do?pubRef=-//EP//TEXT+WQ+E-2010-010521+0+DOC+XML+V0//EN&language=EN
,2011,Spain,Verts/ALE,Raül Romeva i Rueda,negative,-1,https://www.europarl.europa.eu/sides/getDoc.do?pubRef=-//EP//TEXT+WQ+E-2011-002094+0+DOC+XML+V0//EN&language=EN
,2011,Belgium,Verts/ALE,Bart Staes,negative,-1,https://www.europarl.europa.eu/sides/getDoc.do?pubRef=-//EP//TEXT+WQ+E-2011-002147+0+DOC+XML+V0//EN&language=EN
,2011,Greece,Verts/ALE,Michail Tremopoulos,negative,-1,https://www.europarl.europa.eu/sides/getDoc.do?pubRef=-//EP//TEXT+WQ+E-2011-002802+0+DOC+XML+V0//EN&language=EN
,2011,Spain,Verts/ALE,Raül Romeva i Rueda,negative,-1,https://www.europarl.europa.eu/sides/getDoc.do?pubRef=-//EP//TEXT+WQ+E-2011-002869+0+DOC+XML+V0//EN&language=EN
,2011,(multiple),S&D,"Jörg Leichtfried, Hannes Swoboda",negative,-1,https://www.europarl.europa.eu/sides/getDoc.do?pubRef=-//EP//TEXT+WQ+E-2011-002872+0+DOC+XML+V0//EN&language=EN
,2011,Austria,NI,Franz Obermayr,negative,-1,https://www.europarl.europa.eu/sides/getDoc.do?pubRef=-//EP//TEXT+WQ+E-2011-002876+0+DOC+XML+V0//EN&language=EN
,2011,France,PPE,Jean-Pierre Audy,neutral/negative?,0,https://www.europarl.europa.eu/sides/getDoc.do?pubRef=-//EP//TEXT+WQ+E-2011-002888+0+DOC+XML+V0//EN&language=EN
,2011,Germany,ALDE,Jorgo Chatzimarkakis,negative,-1,https://www.europarl.europa.eu/sides/getDoc.do?pubRef=-//EP//TEXT+WQ+P-2011-002916+0+DOC+XML+V0//EN&language=EN
,2011,France,GUE/NGL,Jean-Luc Mélenchon,very negative,-1,https://www.europarl.europa.eu/sides/getDoc.do?pubRef=-//EP//TEXT+WQ+E-2011-002927+0+DOC+XML+V0//EN&language=EN
,2011,Greece,S&D,Kriton Arsenis,negative,-1,https://www.europarl.europa.eu/sides/getDoc.do?pubRef=-//EP//TEXT+WQ+P-2011-002935+0+DOC+XML+V0//EN&language=EN
,2011,Greece,GUE/NGL,Nikolaos Chountis,negative,-1,https://www.europarl.europa.eu/sides/getDoc.do?pubRef=-//EP//TEXT+WQ+P-2011-003004+0+DOC+XML+V0//EN&language=EN
,2011,Hungary,PPE,András Gyürk,negative,-1,https://www.europarl.europa.eu/sides/getDoc.do?pubRef=-//EP//TEXT+WQ+E-2011-003050+0+DOC+XML+V0//EN&language=EN
,2011,Austria,NI,Hans-Peter Martin,negative,-1,https://www.europarl.europa.eu/sides/getDoc.do?pubRef=-//EP//TEXT+QT+H-2011-000145+0+DOC+XML+V0//EN&language=EN
,2011,Austria,NI,Andreas Mölzer,negative,-1,https://www.europarl.europa.eu/sides/getDoc.do?pubRef=-//EP//TEXT+WQ+E-2011-003135+0+DOC+XML+V0//EN&language=EN
,2011,(multiple),"ALDE, Verts/ALE","Luigi de Magistris, Ivo Vajgl, Michèle Rivasi",negative,-1,https://www.europarl.europa.eu/sides/getDoc.do?pubRef=-//EP//TEXT+WQ+E-2011-003253+0+DOC+XML+V0//EN&language=EN
,2011,Italy,PPE,Giovanni Collino,neutral/positive?,0,https://www.europarl.europa.eu/sides/getDoc.do?pubRef=-//EP//TEXT+WQ+E-2011-003309+0+DOC+XML+V0//EN&language=EN
,2011,Cyprus,GUE/NGL,Takis Hadjigeorgiou,negative,-1,https://www.europarl.europa.eu/sides/getDoc.do?pubRef=-//EP//TEXT+WQ+E-2011-003429+0+DOC+XML+V0//EN&language=EN
,2011,Greece,Verts/ALE,Michail Tremopoulos,negative,-1,https://www.europarl.europa.eu/sides/getDoc.do?pubRef=-//EP//TEXT+WQ+E-2011-003437+0+DOC+XML+V0//EN&language=EN
,2011,Greece,Verts/ALE,Michail Tremopoulos,neutral/negative?,0,https://www.europarl.europa.eu/sides/getDoc.do?pubRef=-//EP//TEXT+WQ+E-2011-003438+0+DOC+XML+V0//EN&language=EN
,2011,Bulgaria,ALDE,Vladko Todorov Panayotov,neutral/positive?,1,https://www.europarl.europa.eu/sides/getDoc.do?pubRef=-//EP//TEXT+WQ+E-2011-003531+0+DOC+XML+V0//EN&language=EN
,2011,Bulgaria,ALDE,Vladko Todorov Panayotov,neutral?,0,https://www.europarl.europa.eu/sides/getDoc.do?pubRef=-//EP//TEXT+WQ+E-2011-003536+0+DOC+XML+V0//EN&language=EN
,2011,Austria,NI,Angelika Werthmann,negative,-1,https://www.europarl.europa.eu/sides/getDoc.do?pubRef=-//EP//TEXT+WQ+E-2011-003745+0+DOC+XML+V0//EN&language=EN
,2011,Austria,NI,Angelika Werthmann,negative,-1,https://www.europarl.europa.eu/sides/getDoc.do?pubRef=-//EP//TEXT+WQ+E-2011-003746+0+DOC+XML+V0//EN&language=EN
,2011,Italy,PPE,Giovanni Collino,negative,-1,https://www.europarl.europa.eu/sides/getDoc.do?pubRef=-//EP//TEXT+WQ+E-2011-003786+0+DOC+XML+V0//EN&language=EN
,2011,Italy,PPE,Giovanni Collino,negative,-1,https://www.europarl.europa.eu/sides/getDoc.do?pubRef=-//EP//TEXT+WQ+E-2011-003787+0+DOC+XML+V0//EN&language=EN
,2011,Ireland,PPE,Gay Mitchell,neutral/negative?,0,https://www.europarl.europa.eu/sides/getDoc.do?pubRef=-//EP//TEXT+WQ+E-2011-003849+0+DOC+XML+V0//EN&language=EN
,2011,Greece,PPE,Rodi Kratsa-Tsagaropoulou,negative,-1,https://www.europarl.europa.eu/sides/getDoc.do?pubRef=-//EP//TEXT+WQ+E-2011-003868+0+DOC+XML+V0//EN&language=EN
,2011,(multiple),S&D,"Maria Eleni Koppa, Anni Podimata, Georgios Stavrakakis",neutral/negative?,-1,https://www.europarl.europa.eu/sides/getDoc.do?pubRef=-//EP//TEXT+WQ+E-2011-003898+0+DOC+XML+V0//EN&language=EN
,2011,Greece,GUE/NGL,Nikolaos Chountis,negative,-1,https://www.europarl.europa.eu/sides/getDoc.do?pubRef=-//EP//TEXT+WQ+E-2011-004122+0+DOC+XML+V0//EN&language=EN
,2011,Greece,EFD,Niki Tzavela,negative,-1,https://www.europarl.europa.eu/sides/getDoc.do?pubRef=-//EP//TEXT+WQ+E-2011-004179+0+DOC+XML+V0//EN&language=EN
,2011,Germany,PPE,Elisabeth Jeggle,neutral,0,https://www.europarl.europa.eu/sides/getDoc.do?pubRef=-//EP//TEXT+WQ+E-2011-004362+0+DOC+XML+V0//EN&language=EN
,2011,Italy,EFD,Mara Bizzotto,neutral/negative?,-1,https://www.europarl.europa.eu/sides/getDoc.do?pubRef=-//EP//TEXT+WQ+E-2011-004440+0+DOC+XML+V0//EN&language=EN
,2011,Italy,EFD,Mara Bizzotto,neutral/negative?,0,https://www.europarl.europa.eu/sides/getDoc.do?pubRef=-//EP//TEXT+WQ+E-2011-004441+0+DOC+XML+V0//EN&language=EN
,2011,Italy,EFD,Mara Bizzotto,neutral,0,https://www.europarl.europa.eu/sides/getDoc.do?pubRef=-//EP//TEXT+WQ+E-2011-004461+0+DOC+XML+V0//EN&language=EN
,2011,Italy,EFD,Mara Bizzotto,neutral/negative?,-1,https://www.europarl.europa.eu/sides/getDoc.do?pubRef=-//EP//TEXT+WQ+E-2011-004462+0+DOC+XML+V0//EN&language=EN
,2011,Germany,S&D,Jo Leinen,neutral,0,https://www.europarl.europa.eu/sides/getDoc.do?pubRef=-//EP//TEXT+WQ+E-2011-004639+0+DOC+XML+V0//EN&language=EN
,2011,Scotland (UK),S&D,Catherine Stihler,negative,-1,https://www.europarl.europa.eu/sides/getDoc.do?pubRef=-//EP//TEXT+WQ+E-2011-004792+0+DOC+XML+V0//EN&language=EN
,2011,Italy,EFD,Mara Bizzotto,negative,-1,https://www.europarl.europa.eu/sides/getDoc.do?pubRef=-//EP//TEXT+WQ+E-2011-004891+0+DOC+XML+V0//EN&language=EN
,2011,Greece,EFD,Nikolaos Salavrakos,negative,-1,https://www.europarl.europa.eu/sides/getDoc.do?pubRef=-//EP//TEXT+WQ+E-2011-005904+0+DOC+XML+V0//EN&language=EN
,2011,Greece,EFD,Niki Tzavela,neutral/negative?,0,https://www.europarl.europa.eu/sides/getDoc.do?pubRef=-//EP//TEXT+WQ+E-2011-005933+0+DOC+XML+V0//EN&language=EN
,2011,Spain,Verts/ALE,Raül Romeva i Rueda,negative,-1,https://www.europarl.europa.eu/sides/getDoc.do?pubRef=-//EP//TEXT+WQ+E-2011-005977+0+DOC+XML+V0//EN&language=EN
,2011,Greece,PPE,Georgios Koumoutsakos,negative,-1,https://www.europarl.europa.eu/sides/getDoc.do?pubRef=-//EP//TEXT+QT+H-2011-000264+0+DOC+XML+V0//EN&language=EN
,2011,Poland,PPE,Elżbieta Katarzyna Łukacijewska,positive,1,https://www.europarl.europa.eu/sides/getDoc.do?pubRef=-//EP//TEXT+WQ+E-2011-007013+0+DOC+XML+V0//EN&language=EN
,2011,Austria,NI,Franz Obermayr,negative,-1,https://www.europarl.europa.eu/sides/getDoc.do?pubRef=-//EP//TEXT+WQ+E-2011-007051+0+DOC+XML+V0//EN&language=EN
,2011,Finland,Verts/ALE,Satu Hassi,negative,-1,https://www.europarl.europa.eu/sides/getDoc.do?pubRef=-//EP//TEXT+WQ+E-2011-007057+0+DOC+XML+V0//EN&language=EN
,2011,Germany,PPE,Herbert Reul,neutral/positive?,1,https://www.europarl.europa.eu/sides/getDoc.do?pubRef=-//EP//TEXT+WQ+E-2011-007225+0+DOC+XML+V0//EN&language=EN
,2011,Germany,PPE,Herbert Reul,neutral/positive?,0,https://www.europarl.europa.eu/sides/getDoc.do?pubRef=-//EP//TEXT+WQ+E-2011-007880+0+DOC+XML+V0//EN&language=EN
,2011,Spain,GUE/NGL,Willy Meyer,Very negative,-1,https://www.europarl.europa.eu/sides/getDoc.do?pubRef=-//EP//TEXT+WQ+E-2011-008422+0+DOC+XML+V0//EN&language=EN
,2011,Netherlands,GUE/NGL,Kartika Tamara Liotard,negative,-1,https://www.europarl.europa.eu/sides/getDoc.do?pubRef=-//EP//TEXT+WQ+E-2011-008471+0+DOC+XML+V0//EN&language=EN
,2011,Greece,EFD,Niki Tzavela,negative,-1,https://www.europarl.europa.eu/sides/getDoc.do?pubRef=-//EP//TEXT+WQ+E-2011-008493+0+DOC+XML+V0//EN&language=EN
,2011,Bulgaria,ALDE,Vladko Todorov Panayotov,neutral?,0,https://www.europarl.europa.eu/sides/getDoc.do?pubRef=-//EP//TEXT+WQ+E-2011-008908+0+DOC+XML+V0//EN&language=EN
,2011,Slovakia,S&D,Monika Flašíková Beňová,neg,-1,https://www.europarl.europa.eu/sides/getDoc.do?pubRef=-//EP//TEXT+WQ+E-2011-009405+0+DOC+XML+V0//EN&language=EN
,2011,Slovakia,S&D,Monika Flašíková Beňová,neutral/negative?,-1,https://www.europarl.europa.eu/sides/getDoc.do?pubRef=-//EP//TEXT+WQ+E-2011-010465+0+DOC+XML+V0//EN&language=EN
,2011,Spain,S&D,Sergio Gutiérrez Prieto,neg?,-1,https://www.europarl.europa.eu/sides/getDoc.do?pubRef=-//EP//TEXT+WQ+E-2011-010756+0+DOC+XML+V0//EN&language=EN
,2012,Spain,Verts/ALE,Raül Romeva i Rueda,neutral/neg?,-1,https://www.europarl.europa.eu/sides/getDoc.do?pubRef=-//EP//TEXT+WQ+E-2012-000254+0+DOC+XML+V0//EN&language=EN
,2012,Germany,GUE/NGL,Sabine Wils,neg,-1,https://www.europarl.europa.eu/sides/getDoc.do?pubRef=-//EP//TEXT+WQ+E-2012-001126+0+DOC+XML+V0//EN&language=EN
,2012,Slovenia,PPE,Romana Jordan,positive,1,https://www.europarl.europa.eu/sides/getDoc.do?pubRef=-//EP//TEXT+WQ+E-2012-001229+0+DOC+XML+V0//EN&language=EN
,2012,Portugal,PPE,Nuno Teixeira,neutral,0,https://www.europarl.europa.eu/sides/getDoc.do?pubRef=-//EP//TEXT+WQ+E-2012-002394+0+DOC+XML+V0//EN&language=EN
,2012,United Kingdom,ALDE,Fiona Hall,unsure,0,https://www.europarl.europa.eu/sides/getDoc.do?pubRef=-//EP//TEXT+WQ+E-2012-002809+0+DOC+XML+V0//EN&language=EN
,2012,Austria,NI,Angelika Werthmann,neg,-1,https://www.europarl.europa.eu/sides/getDoc.do?pubRef=-//EP//TEXT+WQ+E-2012-002879+0+DOC+XML+V0//EN&language=EN
,2012,(multiple),PPE,"Lambert van Nistelrooij, Lena Kolarska-Bobińska",neutral,0,https://www.europarl.europa.eu/sides/getDoc.do?pubRef=-//EP//TEXT+WQ+E-2012-003098+0+DOC+XML+V0//EN&language=EN
,2012,Austria,NI,Hans-Peter Martin,neutral,0,https://www.europarl.europa.eu/sides/getDoc.do?pubRef=-//EP//TEXT+WQ+E-2012-004186+0+DOC+XML+V0//EN&language=EN
,2012,Portugal,PPE,Nuno Teixeira,pos,1,https://www.europarl.europa.eu/sides/getDoc.do?pubRef=-//EP//TEXT+WQ+E-2012-004285+0+DOC+XML+V0//EN&language=EN
,2012,Greece,Verts/ALE,Nikos Chrysogelos,neg,-1,https://www.europarl.europa.eu/sides/getDoc.do?pubRef=-//EP//TEXT+WQ+E-2012-006346+0+DOC+XML+V0//EN&language=EN
,2012,(multiple),"PPE, ECR","Alejo Vidal-Quadras, Konrad Szymański, Herbert Reul, Giles Chichester",pos,1,https://www.europarl.europa.eu/sides/getDoc.do?pubRef=-//EP//TEXT+WQ+E-2012-006966+0+DOC+XML+V0//EN&language=EN
,2012,Bulgaria,ALDE,Vladko Todorov Panayotov,pos,1,https://www.europarl.europa.eu/sides/getDoc.do?pubRef=-//EP//TEXT+WQ+E-2012-007388+0+DOC+XML+V0//EN&language=EN
,2012,Portugal,PPE,Nuno Melo,neg,-1,https://www.europarl.europa.eu/sides/getDoc.do?pubRef=-//EP//TEXT+WQ+E-2012-007986+0+DOC+XML+V0//EN&language=EN
,2012,Austria,ALDE,Angelika Werthmann,neg,-1,https://www.europarl.europa.eu/sides/getDoc.do?pubRef=-//EP//TEXT+WQ+E-2012-008246+0+DOC+XML+V0//EN&language=EN
,2012,Austria,ALDE,Angelika Werthmann,neg,-1,https://www.europarl.europa.eu/sides/getDoc.do?pubRef=-//EP//TEXT+WQ+E-2012-008295+0+DOC+XML+V0//EN&language=EN
,2012,Cyprus,S&D,Sophocles Sophocleous,neg,-1,https://www.europarl.europa.eu/sides/getDoc.do?pubRef=-//EP//TEXT+WQ+P-2012-008971+0+DOC+XML+V0//EN&language=EN
,2012,Austria,ALDE,Angelika Werthmann,neg,-1,https://www.europarl.europa.eu/sides/getDoc.do?pubRef=-//EP//TEXT+WQ+E-2012-009124+0+DOC+XML+V0//EN&language=EN
,2012,Spain,GUE/NGL,Willy Meyer,neg,-1,https://www.europarl.europa.eu/sides/getDoc.do?pubRef=-//EP//TEXT+WQ+E-2012-009713+0+DOC+XML+V0//EN&language=EN
,2013,Poland,EFD,Zbigniew Ziobro,neutral,0,https://www.europarl.europa.eu/sides/getDoc.do?pubRef=-//EP//TEXT+WQ+E-2013-001670+0+DOC+XML+V0//EN&language=EN
,2013,Italy,EFD,Matteo Salvini,neg,-1,https://www.europarl.europa.eu/sides/getDoc.do?pubRef=-//EP//TEXT+WQ+E-2013-002921+0+DOC+XML+V0//EN&language=EN
,2013,Belgium,S&D,Marc Tarabella,pos,1,https://www.europarl.europa.eu/sides/getDoc.do?pubRef=-//EP//TEXT+WQ+E-2013-004278+0+DOC+XML+V0//EN&language=EN
,2013,Belgium,Verts/ALE,Bart Staes,neutral,0,https://www.europarl.europa.eu/sides/getDoc.do?pubRef=-//EP//TEXT+WQ+E-2013-004615+0+DOC+XML+V0//EN&language=EN
,2013,Poland,ECR,Michał Tomasz Kamiński,pos,1,https://www.europarl.europa.eu/sides/getDoc.do?pubRef=-//EP//TEXT+WQ+E-2013-005501+0+DOC+XML+V0//EN&language=EN
,2013,Belgium,S&D,Marc Tarabella,neutral,0,https://www.europarl.europa.eu/sides/getDoc.do?pubRef=-//EP//TEXT+WQ+E-2013-007214+0+DOC+XML+V0//EN&language=EN
,2013,Spain,Verts/ALE,Iñaki Irazabalbeitia Fernández,neg,-1,https://www.europarl.europa.eu/sides/getDoc.do?pubRef=-//EP//TEXT+WQ+E-2013-010153+0+DOC+XML+V0//EN&language=EN
,2013,Slovenia,PPE,Romana Jordan,neutral?,0,https://www.europarl.europa.eu/sides/getDoc.do?pubRef=-//EP//TEXT+WQ+P-2013-011139+0+DOC+XML+V0//EN&language=EN
,2013,Germany,S&D,Jo Leinen,neutral,0,https://www.europarl.europa.eu/sides/getDoc.do?pubRef=-//EP//TEXT+WQ+P-2013-011809+0+DOC+XML+V0//EN&language=EN
,2013,Germany,S&D,Bernd Lange,neutral,0,https://www.europarl.europa.eu/sides/getDoc.do?pubRef=-//EP//TEXT+WQ+E-2013-011863+0+DOC+XML+V0//EN&language=EN
,2013,France,PPE,Christine De Veyrac,negative? Iran nuclear,-1,https://www.europarl.europa.eu/sides/getDoc.do?pubRef=-//EP//TEXT+WQ+E-2013-012993+0+DOC+XML+V0//EN&language=EN
,2013,Austria,NI,Franz Obermayr,neg,-1,https://www.europarl.europa.eu/sides/getDoc.do?pubRef=-//EP//TEXT+WQ+E-2013-013504+0+DOC+XML+V0//EN&language=EN
,2013,Sweden,GUE/NGL,Mikael Gustafsson,neutral,0,https://www.europarl.europa.eu/sides/getDoc.do?pubRef=-//EP//TEXT+WQ+E-2013-013576+0+DOC+XML+V0//EN&language=EN
,2013,Belgium,S&D,Kathleen Van Brempt,neutral,0,https://www.europarl.europa.eu/sides/getDoc.do?pubRef=-//EP//TEXT+OQ+O-2013-000143+0+DOC+XML+V0//EN&language=EN
,2013,Slovakia,S&D,Monika Flašíková Beňová,pos,1,https://www.europarl.europa.eu/sides/getDoc.do?pubRef=-//EP//TEXT+WQ+E-2013-014120+0+DOC+XML+V0//EN&language=EN
,2014,Belgium,S&D,Kathleen Van Brempt,neutral/slightly neg,0,https://www.europarl.europa.eu/sides/getDoc.do?pubRef=-//EP//TEXT+WQ+E-2014-000985+0+DOC+XML+V0//EN&language=EN
